[
    {
        "year": 2013,
        "title": "Rush",
        "info": {
            "directors": [
                "Ron Howard"
            ],
            "release_date": "2013-09-02T00:00:00Z",
            "rating": 8.3,
            "genres": [
                "Action",
                "Biography",
                "Drama",
                "Sport"
            ],
            "image_url": "https://ia.media-imdb.com/images/M/MV5BMTQyMDE0MTY0OV5BMl5BanBnXkFtZTcwMjI2OTI0OQ@@._V1_SX400_.jpg",
            "plot": "A re-creation of the merciless 1970s rivalry between Formula One rivals James Hunt and Niki Lauda.",
            "rank": 2,
            "running_time_secs": 7380,
            "actors": [
                "Daniel Bruhl",
                "Chris Hemsworth",
                "Olivia Wilde"
            ]
        }
    },
    {
        "year": 2013,
        "title": "Prisoners",
        "info": {
            "directors": [
                "Denis Villeneuve"
            ],
            "release_date": "2013-08-30T00:00:00Z",
            "rating": 8.2,
            "genres": [
                "Crime",
                "Drama",
                "Thriller"
            ],
            "image_url": "https://ia.media-imdb.com/images/M/MV5BMTg0NTIzMjQ1NV5BMl5BanBnXkFtZTcwNDc3MzM5OQ@@._V1_SX400_.jpg",
            "plot": "When Keller Dover's daughter and her friend go missing, he takes matters into his own hands as the police pursue multiple leads and the pressure mounts. But just how far will this desperate father go to protect his family?",
            "rank": 3,
            "running_time_secs": 9180,
            "actors": [
                "Hugh Jackman",
                "Jake Gyllenhaal",
                "Viola Davis"
            ]
        }
    },
    {
        "year": 2013,
        "title": "The Hunger Games: Catching Fire",
        "info": {
            "directors": [
                "Francis Lawrence"
            ],
            "release_date": "2013-11-11T00:00:00Z",
            "genres": [
                "Action",
                "Adventure",
                "Sci-Fi",
                "Thriller"
            ],
            "image_url": "https://ia.media-imdb.com/images/M/MV5BMTAyMjQ3OTAxMzNeQTJeQWpwZ15BbWU4MDU0NzA1MzAx._V1_SX400_.jpg",
            "plot": "Katniss Everdeen and Peeta Mellark become targets of the Capitol after their victory in the 74th Hunger Games sparks a rebellion in the Districts of Panem.",
            "rank": 4,
            "running_time_secs": 8760,
            "actors": [
                "Jennifer Lawrence",
                "Josh Hutcherson",
                "Liam Hemsworth"
            ]
        }
    },
    {
        "year": 2013,
        "title": "Thor: The Dark World",
        "info": {
            "directors": [
                "Alan Taylor"
            ],
            "release_date": "2013-10-30T00:00:00Z",
            "genres": [
                "Action",
                "Adventure",
                "Fantasy"
            ],
            "image_url": "https://ia.media-imdb.com/images/M/MV5BMTQyNzAwOTUxOF5BMl5BanBnXkFtZTcwMTE0OTc5OQ@@._V1_SX400_.jpg",
            "plot": "Faced with an enemy that even Odin and Asgard cannot withstand, Thor must embark on his most perilous and personal journey yet, one that will reunite him with Jane Foster and force him to sacrifice everything to save us all.",
            "rank": 5,
            "actors": [
                "Chris Hemsworth",
                "Natalie Portman",
                "Tom Hiddleston"
            ]
        }
    },
    {
        "year": 2013,
        "title": "This Is the End",
        "info": {
            "directors": [
                "Evan Goldberg",
                "Seth Rogen"
            ],
            "release_date": "2013-06-03T00:00:00Z",
            "rating": 7.2,
            "genres": [
                "Comedy",
                "Fantasy"
            ],
            "image_url": "https://ia.media-imdb.com/images/M/MV5BMTQxODE3NjM1Ml5BMl5BanBnXkFtZTcwMzkzNjc4OA@@._V1_SX400_.jpg",
            "plot": "While attending a party at James Franco's house, Seth Rogen, Jay Baruchel and many other celebrities are faced with the apocalypse.",
            "rank": 6,
            "running_time_secs": 6420,
            "actors": [
                "James Franco",
                "Jonah Hill",
                "Seth Rogen"
            ]
        }
    },
    {
        "year": 2013,
        "title": "Insidious: Chapter 2",
        "info": {
            "directors": [
                "James Wan"
            ],
            "release_date": "2013-09-13T00:00:00Z",
            "rating": 7.1,
            "genres": [
                "Horror",
                "Thriller"
            ],
            "image_url": "https://ia.media-imdb.com/images/M/MV5BMTg0OTA5ODIxNF5BMl5BanBnXkFtZTcwNTUzNDg4OQ@@._V1_SX400_.jpg",
            "plot": "The haunted Lambert family seeks to uncover the mysterious childhood secret that has left them dangerously connected to the spirit world.",
            "rank": 7,
            "running_time_secs": 6360,
            "actors": [
                "Patrick Wilson",
                "Rose Byrne",
                "Barbara Hershey"
            ]
        }
    },
    {
        "year": 2013,
        "title": "World War Z",
        "info": {
            "directors": [
                "Marc Forster"
            ],
            "release_date": "2013-06-02T00:00:00Z",
            "rating": 7.1,
            "genres": [
                "Action",
                "Adventure",
                "Horror",
                "Sci-Fi",
                "Thriller"
            ],
            "image_url": "https://ia.media-imdb.com/images/M/MV5BMTg0NTgxMjIxOF5BMl5BanBnXkFtZTcwMDM0MDY1OQ@@._V1_SX400_.jpg",
            "plot": "United Nations employee Gerry Lane traverses the world in a race against time to stop the Zombie pandemic that is toppling armies and governments, and threatening to destroy humanity itself.",
            "rank": 8,
            "running_time_secs": 6960,
            "actors": [
                "Brad Pitt",
                "Mireille Enos",
                "Daniella Kertesz"
            ]
        }
    },
    {
        "year": 2014,
        "title": "X-Men: Days of Future Past",
        "info": {
            "directors": [
                "Bryan Singer"
            ],
            "release_date": "2014-05-21T00:00:00Z",
            "genres": [
                "Action",
                "Adventure",
                "Fantasy",
                "Sci-Fi"
            ],
            "image_url": "https://ia.media-imdb.com/images/M/MV5BMTQ0NzIwNTA1MV5BMl5BanBnXkFtZTgwNjY2OTcwMDE@._V1_SX400_.jpg",
            "plot": "The X-Men send Wolverine to the past to change a major historical event that could globally impact man and mutant kind.",
            "rank": 9,
            "actors": [
                "Jennifer Lawrence",
                "Hugh Jackman",
                "Michael Fassbender"
            ]
        }
    },
    {
        "year": 2014,
        "title": "Transformers: Age of Extinction",
        "info": {
            "directors": [
                "Michael Bay"
            ],
            "release_date": "2014-06-25T00:00:00Z",
            "genres": [
                "Action",
                "Adventure",
                "Sci-Fi"
            ],
            "image_url": "https://ia.media-imdb.com/images/M/MV5BMTQyMDA5Nzg0Nl5BMl5BanBnXkFtZTgwNzA4NDcxMDE@._V1_SX400_.jpg",
            "plot": "A mechanic and his daughter make a discovery that brings down Autobots and Decepticons - and a paranoid government official - on them.",
            "rank": 10,
            "actors": [
                "Mark Wahlberg",
                "Nicola Peltz",
                "Jack Reynor"
            ]
        }
    },
    {
        "year": 2013,
        "title": "Now You See Me",
        "info": {
            "directors": [
                "Louis Leterrier"
            ],
            "release_date": "2013-05-21T00:00:00Z",
            "rating": 7.3,
            "genres": [
                "Crime",
                "Mystery",
                "Thriller"
            ],
            "image_url": "https://ia.media-imdb.com/images/M/MV5BMTY0NDY3MDMxN15BMl5BanBnXkFtZTcwOTM5NzMzOQ@@._V1_SX400_.jpg",
            "plot": "An FBI agent and an Interpol detective track a team of illusionists who pull off bank heists during their performances and reward their audiences with the money.",
            "rank": 11,
            "running_time_secs": 6900,
            "actors": [
                "Jesse Eisenberg",
                "Common",
                "Mark Ruffalo"
            ]
        }
    },
    {
        "year": 2013,
        "title": "Gravity",
        "info": {
            "directors": [
                "Alfonso Cuaron"
            ],
            "release_date": "2013-08-28T00:00:00Z",
            "rating": 8.2,
            "genres": [
                "Drama",
                "Sci-Fi",
                "Thriller"
            ],
            "image_url": "https://ia.media-imdb.com/images/M/MV5BNjE5MzYwMzYxMF5BMl5BanBnXkFtZTcwOTk4MTk0OQ@@._V1_SX400_.jpg",
            "plot": "A medical engineer and an astronaut work together to survive after an accident leaves them adrift in space.",
            "rank": 12,
            "running_time_secs": 5400,
            "actors": [
                "Sandra Bullock",
                "George Clooney",
                "Ed Harris"
            ]
        }
    },
    {
        "year": 2013,
        "title": "We're the Millers",
        "info": {
            "directors": [
                "Rawson Marshall Thurber"
            ],
            "release_date": "2013-08-03T00:00:00Z",
            "rating": 7.2,
            "genres": [
                "Comedy",
                "Crime"
            ],
            "image_url": "https://ia.media-imdb.com/images/M/MV5BMjA5Njc0NDUxNV5BMl5BanBnXkFtZTcwMjYzNzU1OQ@@._V1_SX400_.jpg",
            "plot": "A veteran pot dealer creates a fake family as part of his plan to move a huge shipment of weed into the U.S. from Mexico.",
            "rank": 13,
            "running_time_secs": 6600,
            "actors": [
                "Jason Sudeikis",
                "Jennifer Aniston",
                "Emma Roberts"
            ]
        }
    },
    {
        "year": 2013,
        "title": "Riddick",
        "info": {
            "directors": [
                "David Twohy"
            ],
            "release_date": "2013-09-04T00:00:00Z",
            "rating": 6.8,
            "genres": [
                "Action",
                "Sci-Fi",
                "Thriller"
            ],
            "image_url": "https://ia.media-imdb.com/images/M/MV5BMTk5NzYwMzQ4MV5BMl5BanBnXkFtZTcwMjE5MTI1OQ@@._V1_SX400_.jpg",
            "plot": "Left for dead on a sun-scorched planet, Riddick finds himself up against an alien race of predators. Activating an emergency beacon alerts two ships: one carrying a new breed of mercenary, the other captained by a man from Riddick's past.",
            "rank": 14,
            "running_time_secs": 7140,
            "actors": [
                "Vin Diesel",
                "Karl Urban",
                "Katee Sackhoff"
            ]
        }
    },
    {
        "year": 2013,
        "title": "The Family",
        "info": {
            "directors": [
                "Luc Besson"
            ],
            "release_date": "2013-09-10T00:00:00Z",
            "rating": 6.5,
            "genres": [
                "Action",
                "Comedy",
                "Crime"
            ],
            "image_url": "https://ia.media-imdb.com/images/M/MV5BMjE2MzI0MzkyNV5BMl5BanBnXkFtZTcwMjQ2MDM2OQ@@._V1_SX400_.jpg",
            "plot": "The Manzoni family, a notorious mafia clan, is relocated to Normandy, France under the witness protection program, where fitting in soon becomes challenging as their old habits die hard.",
            "rank": 15,
            "running_time_secs": 6660,
            "actors": [
                "Robert De Niro",
                "Michelle Pfeiffer",
                "Dianna Agron"
            ]
        }
    },
    {
        "year": 2013,
        "title": "Star Trek Into Darkness",
        "info": {
            "directors": [
                "J.J. Abrams"
            ],
            "release_date": "2013-05-02T00:00:00Z",
            "rating": 7.9,
            "genres": [
                "Action",
                "Adventure",
                "Sci-Fi"
            ],
            "image_url": "https://ia.media-imdb.com/images/M/MV5BMTk2NzczOTgxNF5BMl5BanBnXkFtZTcwODQ5ODczOQ@@._V1_SX400_.jpg",
            "plot": "After the crew of the Enterprise find an unstoppable force of terror from within their own organization, Captain Kirk leads a manhunt to a war-zone world to capture a one man weapon of mass destruction.",
            "rank": 16,
            "running_time_secs": 7920,
            "actors": [
                "Chris Pine",
                "Zachary Quinto",
                "Zoe Saldana"
            ]
        }
    },
    {
        "year": 2013,
        "title": "After Earth",
        "info": {
            "directors": [
                "M. Night Shyamalan"
            ],
            "release_date": "2013-05-01T00:00:00Z",
            "rating": 4.9,
            "genres": [
                "Action",
                "Adventure",
                "Sci-Fi"
            ],
            "image_url": "https://ia.media-imdb.com/images/M/MV5BMTY3MzQyMjkwMl5BMl5BanBnXkFtZTcwMDk2OTE0OQ@@._V1_SX400_.jpg",
            "plot": "A crash landing leaves Kitai Raige and his father Cypher stranded on Earth, a millennium after events forced humanity's escape. With Cypher injured, Kitai must embark on a perilous journey to signal for help.",
            "rank": 17,
            "running_time_secs": 6000,
            "actors": [
                "Jaden Smith",
                "David Denman",
                "Will Smith"
            ]
        }
    },
    {
        "year": 2013,
        "title": "The Great Gatsby",
        "info": {
            "directors": [
                "Baz Luhrmann"
            ],
            "release_date": "2013-05-01T00:00:00Z",
            "rating": 7.3,
            "genres": [
                "Drama",
                "Romance"
            ],
            "image_url": "https://ia.media-imdb.com/images/M/MV5BMTkxNTk1ODcxNl5BMl5BanBnXkFtZTcwMDI1OTMzOQ@@._V1_SX400_.jpg",
            "plot": "A Midwestern war veteran finds himself drawn to the past and lifestyle of his millionaire neighbor.",
            "rank": 18,
            "running_time_secs": 8580,
            "actors": [
                "Leonardo DiCaprio",
                "Carey Mulligan",
                "Joel Edgerton"
            ]
        }
    },
    {
        "year": 2014,
        "title": "Divergent",
        "info": {
            "directors": [
                "Neil Burger"
            ],
            "release_date": "2014-03-20T00:00:00Z",
            "genres": [
                "Action",
                "Adventure",
                "Romance",
                "Sci-Fi"
            ],
            "image_url": "https://ia.media-imdb.com/images/M/MV5BMjIyOTEyODQ4OV5BMl5BanBnXkFtZTgwMDIwNzEzMDE@._V1_SX400_.jpg",
            "plot": "Beatrice Prior, a teenager with a special mind, finds her life threatened when an authoritarian leader seeks to exterminate her kind in her effort to seize control of their divided society.",
            "rank": 20,
            "actors": [
                "Shailene Woodley",
                "Kate Winslet",
                "Zoe Kravitz"
            ]
        }
    },
    {
        "year": 2013,
        "title": "We Are What We Are",
        "info": {
            "directors": [
                "Jim Mickle"
            ],
            "release_date": "2013-01-18T00:00:00Z",
            "rating": 6.2,
            "genres": [
                "Drama",
                "Horror",
                "Thriller"
            ],
            "image_url": "https://ia.media-imdb.com/images/M/MV5BMjI3NjI3NjAyN15BMl5BanBnXkFtZTgwODE3NzMxMDE@._V1_SX400_.jpg",
            "plot": "The Parkers, a reclusive family who follow ancient customs, find their secret existence threatened as a torrential downpour moves into their area, forcing daughters Iris and Rose to assume responsibilities beyond those of a typical family.",
            "rank": 21,
            "running_time_secs": 6300,
            "actors": [
                "Bill Sage",
                "Ambyr Childers",
                "Julia Garner"
            ]
        }
    },
    {
        "year": 2013,
        "title": "Iron Man 3",
        "info": {
            "directors": [
                "Shane Black"
            ],
            "release_date": "2013-04-18T00:00:00Z",
            "rating": 7.4,
            "genres": [
                "Action",
                "Adventure",
                "Sci-Fi"
            ],
            "image_url": "https://ia.media-imdb.com/images/M/MV5BMjIzMzAzMjQyM15BMl5BanBnXkFtZTcwNzM2NjcyOQ@@._V1_SX400_.jpg",
            "plot": "When Tony Stark's world is torn apart by a formidable terrorist called the Mandarin, he starts an odyssey of rebuilding and retribution.",
            "rank": 22,
            "running_time_secs": 7800,
            "actors": [
                "Robert Downey Jr.",
                "Guy Pearce",
                "Gwyneth Paltrow"
            ]
        }
    },
    {
        "year": 2014,
        "title": "The Amazing Spider-Man 2",
        "info": {
            "directors": [
                "Marc Webb"
            ],
            "release_date": "2014-04-17T00:00:00Z",
            "genres": [
                "Action",
                "Adventure",
                "Fantasy"
            ],
            "image_url": "https://ia.media-imdb.com/images/M/MV5BMjE0MDAwNTUzNF5BMl5BanBnXkFtZTcwNDQ4NDYxOQ@@._V1_SX400_.jpg",
            "plot": "Spider-Man squares off against the Rhino and the powerful Electro while struggling to keep his promise to leave Gwen Stacey out of his dangerous life.",
            "rank": 23,
            "actors": [
                "Andrew Garfield",
                "Emma Stone",
                "Jamie Foxx"
            ]
        }
    },
    {
        "year": 2013,
        "title": "Curse of Chucky",
        "info": {
            "directors": [
                "Don Mancini"
            ],
            "release_date": "2013-08-02T00:00:00Z",
            "rating": 5.7,
            "genres": [
                "Horror",
                "Thriller"
            ],
            "image_url": "https://ia.media-imdb.com/images/M/MV5BMjkxMjM0MDE3OF5BMl5BanBnXkFtZTcwMDQ3NzI4OQ@@._V1_SX400_.jpg",
            "plot": "After her mother's mysterious death, Nica begins to suspect that the talking, red-haired doll her visiting niece has been playing with may be the key to recent bloodshed and chaos.",
            "rank": 24,
            "running_time_secs": 5820,
            "actors": [
                "Chantal Quesnelle",
                "Fiona Dourif",
                "Danielle Bisutti"
            ]
        }
    },
    {
        "year": 2013,
        "title": "The Conjuring",
        "info": {
            "directors": [
                "James Wan"
            ],
            "release_date": "2013-06-08T00:00:00Z",
            "rating": 7.7,
            "genres": [
                "Horror",
                "Thriller"
            ],
            "image_url": "https://ia.media-imdb.com/images/M/MV5BMTM3NjA1NDMyMV5BMl5BanBnXkFtZTcwMDQzNDMzOQ@@._V1_SX400_.jpg",
            "plot": "Paranormal investigators Ed and Lorraine Warren work to help a family terrorized by a dark presence in their farmhouse.",
            "rank": 25,
            "running_time_secs": 6720,
            "actors": [
                "Patrick Wilson",
                "Vera Farmiga",
                "Ron Livingston"
            ]
        }
    },
    {
        "year": 2013,
        "title": "Oldboy",
        "info": {
            "directors": [
                "Spike Lee"
            ],
            "release_date": "2013-10-10T00:00:00Z",
            "genres": [
                "Action",
                "Drama",
                "Mystery",
                "Thriller"
            ],
            "image_url": "https://ia.media-imdb.com/images/M/MV5BMTk5NTEwMzI5OV5BMl5BanBnXkFtZTgwMDQ4ODUwMDE@._V1_SX400_.jpg",
            "plot": "Obsessed with vengeance, a man sets out to find out why he was kidnapped and locked up into solitary confinement for 20 years without reason.",
            "rank": 26,
            "actors": [
                "Josh Brolin",
                "Elizabeth Olsen",
                "Samuel L. Jackson"
            ]
        }
    },
    {
        "year": 2013,
        "title": "Escape Plan",
        "info": {
            "directors": [
                "Mikael Hafstrom"
            ],
            "release_date": "2013-07-18T00:00:00Z",
            "rating": 7.6,
            "genres": [
                "Action",
                "Mystery",
                "Thriller"
            ],
            "image_url": "https://ia.media-imdb.com/images/M/MV5BMTk3OTcxMTEyNl5BMl5BanBnXkFtZTcwMDQ4MjQ2OQ@@._V1_SX400_.jpg",
            "plot": "When a structural-security authority finds himself incarcerated in a prison he designed, he has to put his skills to escape and find out who framed him.",
            "rank": 27,
            "running_time_secs": 6960,
            "actors": [
                "Sylvester Stallone",
                "Arnold Schwarzenegger",
                "50 Cent"
            ]
        }
    },
    {
        "year": 2013,
        "title": "Elysium",
        "info": {
            "directors": [
                "Neill Blomkamp"
            ],
            "release_date": "2013-08-07T00:00:00Z",
            "rating": 7,
            "genres": [
                "Action",
                "Drama",
                "Sci-Fi",
                "Thriller"
            ],
            "image_url": "https://ia.media-imdb.com/images/M/MV5BNDc2NjU0MTcwNV5BMl5BanBnXkFtZTcwMjg4MDg2OQ@@._V1_SX400_.jpg",
            "plot": "Set in the year 2154, where the very wealthy live on a man-made space station while the rest of the population resides on a ruined Earth, a man takes on a mission that could bring equality to the polarized worlds.",
            "rank": 28,
            "running_time_secs": 6540,
            "actors": [
                "Matt Damon",
                "Jodie Foster",
                "Sharlto Copley"
            ]
        }
    },
    {
        "year": 2004,
        "title": "Little Black Book",
        "info": {
            "directors": [
                "Nick Hurran"
            ],
            "release_date": "2004-08-06T00:00:00Z",
            "rating": 5.1,
            "genres": [
                "Comedy",
                "Romance",
                "Drama"
            ],
            "image_url": "https://ia.media-imdb.com/images/M/MV5BMTY0ODczNzM4OV5BMl5BanBnXkFtZTcwNzcyMDUzMw@@._V1_SX400_.jpg",
            "plot": "A woman snoops through her boyfriend's palm pilot and reveals his former girlfriends, which causes her to question why they're still listed in his little black book.",
            "rank": 5000,
            "running_time_secs": 6660,
            "actors": [
                "Brittany Murphy",
                "Ron Livingston",
                "Holly Hunter"
            ]
        }
    }
]